Email_Text,Category
"Limited-time offer! Upgrade your plan today for 20% off.","Promotion"
"Your subscription has been renewed successfully.","Transactional"
"Reminder: Complete your profile to get personalized recommendations.","Engagement"
"Flash sale starts now! Don't miss out.","Promotion"
"Your ticket has been received. Support will reach out soon.","Transactional"
"Welcome to our newsletter! Here's what you can expect.","Engagement"
"Limited-time offer! Upgrade your plan today for 20% off.","Promotion"
"Flash sale starts now! Grab exclusive deals before they're gone.","Promotion"
"Upgrade today and enjoy premium features at a discounted rate.","Promotion"
"Don't miss out! Save big on our holiday specials.","Promotion"
"Last chance: Claim your discount before midnight.","Promotion"
"Special offer for loyal customers: Enjoy 15% off your next purchase.","Promotion"
"Exclusive bundle pricing available for this week only.","Promotion"
"Your favorite products are now on sale—check them out.","Promotion"
"New discounts have just dropped! Explore now.","Promotion"
"Unlock savings today with our monthly promotional deals.","Promotion"
"Flash deal: Get 30% off on selected subscriptions.","Promotion"
"Buy one, get one free on select services for a limited time.","Promotion"
"Special savings event—act fast before the offer expires.","Promotion"
"Limited seats! Register now and get early-bird pricing.","Promotion"
"Claim your VIP discount and enjoy premium benefits.","Promotion"
"Sign up today and get exclusive new-member pricing.","Promotion"
"Enjoy 25% off your upgrade—offer ends soon.","Promotion"
"Time-sensitive promotion: Save before prices increase.","Promotion"
"Your personalized discount is waiting—redeem now.","Promotion"
"Holiday promo: Take advantage of our biggest sale of the season.","Promotion"
"Major price drop! Explore discounted upgrades today.","Promotion"
"Get premium features for less with this limited promotion.","Promotion"
"Sale ends tonight—make your move now.","Promotion"
"Enjoy exclusive seasonal discounts across all services.","Promotion"
"Take advantage of our subscriber-only offers.","Promotion"
"Upgrade now and unlock additional savings.","Promotion"
"Discover exclusive deals available only this week.","Promotion"
"Save more when you renew early—details inside.","Promotion"
"Enjoy special pricing when you upgrade through this email.","Promotion"
"Special coupon inside—redeem before it expires.","Promotion"
"Limited-time bonus: Get extra credits with your purchase.","Promotion"
"Special rewards are waiting—claim your promotional offer.","Promotion"
"Price drop alert! Your favorite tools are now on sale.","Promotion"
"Act fast! Exclusive promotional codes inside.","Promotion"
"Unlock your offer before it expires tonight.","Promotion"
"New promotional bundles available for a short time.","Promotion"
"Discount available—upgrade today and save.","Promotion"
"Flash promotion: 24-hour savings event.","Promotion"
"Save big on advanced features with our limited promo.","Promotion"
"Your order has been shipped and is on its way.","Transactional"
"Payment received—thank you for your purchase.","Transactional"
"Your subscription renewal was successful.","Transactional"
"Invoice #12345 is now available for download.","Transactional"
"Your account statement for October is ready.","Transactional"
"Order confirmation: Thank you for shopping with us.","Transactional"
"Your refund has been processed successfully.","Transactional"
"Shipping update: Your package is expected tomorrow.","Transactional"
"Password reset request has been completed.","Transactional"
"Your order has been delivered—enjoy!","Transactional"
"Subscription activated successfully.","Transactional"
"Your billing information has been updated.","Transactional"
"Order #54321 has been cancelled per your request.","Transactional"
"Your account details were successfully updated.","Transactional"
"Payment failed: Please update your billing method.","Transactional"
"Your invoice for this month is attached.","Transactional"
"Order processed successfully and ready for shipment.","Transactional"
"Shipping label generated—track your package now.","Transactional"
"Account verification completed successfully.","Transactional"
"Your subscription will renew on 15th November.","Transactional"
"Order dispatched—track delivery progress online.","Transactional"
"Payment completed—thank you for your order.","Transactional"
"Order confirmation email with tracking info.","Transactional"
"Invoice generated—download your receipt here.","Transactional"
"Your recent transaction was successful.","Transactional"
"Account activity notification—no action needed.","Transactional"
"Payment received for your recent order.","Transactional"
"Your subscription has been extended successfully.","Transactional"
"Shipment in transit—expected delivery this week.","Transactional"
"Order cancelled and refund issued to your account.","Transactional"
"Account settings updated per your request.","Transactional"
"Your recent payment was declined—update payment info.","Transactional"
"Order #67890 has been successfully processed.","Transactional"
"Invoice #67890 for your records.","Transactional"
"Shipping confirmation: Your items are on the way.","Transactional"
"Your account login attempt was successful.","Transactional"
"Payment reminder: Invoice due soon.","Transactional"
"Order tracking link and estimated delivery.","Transactional"
"Subscription successfully renewed.","Transactional"
"Account password changed successfully.","Transactional"
"Order shipped via standard delivery.","Transactional"
"Payment confirmation for your recent purchase.","Transactional"
"Invoice attached: Please review your billing details.","Transactional"
"Your recent order has been returned successfully.","Transactional"
"Order #12321 is being processed and packed.","Transactional"
"Your subscription is set to auto-renew next month.","Transactional"
"Payment update successful for your account.","Transactional"
"Order delivered successfully—thank you!","Transactional"
"Account update confirmation email.","Transactional"
"Shipment delivered—track and confirm receipt.","Transactional"
"Payment refunded—check your account balance.","Transactional"
"Your recent login detected from a new device.","Transactional"
"Invoice generated for your latest order.","Transactional"
"Order cancellation confirmed and refund processed.","Transactional"
"Subscription activation email.","Transactional"
"Payment reminder: Action required for overdue invoice.","Transactional"
"Shipping update: Package has left the warehouse.","Transactional"
"Order confirmed: Details inside.","Transactional"
"Invoice #98765 attached for your reference.","Transactional"
"Payment received notification.","Transactional"
"Your account settings were updated successfully.","Transactional"
"Order shipped—tracking number provided.","Transactional"
"Subscription renewal confirmation.","Transactional"
"Transaction alert: Payment successfully completed.","Transactional"
"Order dispatched—expected delivery tomorrow.","Transactional"
"Account verification request completed.","Transactional"
"Your recent order has been delivered.","Transactional"
"Invoice attached: Payment due for recent purchase.","Transactional"
"Order update: Items shipped.","Transactional"
"Your subscription has been renewed.","Transactional"
"Payment confirmation and receipt.","Transactional"
"Order #11223 shipped via express delivery.","Transactional"
"Account settings update confirmation.","Transactional"
"Refund processed—check your account for details.","Transactional"
"Invoice for recent purchase available.","Transactional"
"Payment received successfully—thank you!","Transactional"
"Order confirmation and tracking info.","Transactional"
"Shipping notification: Your package is on its way.","Transactional"
"Subscription successfully activated.","Transactional"
"Account password reset completed.","Transactional"
"Order delivered—enjoy your purchase!","Transactional"
"Invoice sent for your latest transaction.","Transactional"
"Your subscription will auto-renew next month.","Transactional"
"Payment processed successfully.","Transactional"
"Shipment delivered—thank you for your order.","Transactional"
"Order cancellation processed.","Transactional"
"Account update confirmation email sent.","Transactional"
"Your recent payment was declined—update payment method.","Transactional"
"Order #33445 has been successfully processed.","Transactional"
"Invoice attached for your records.","Transactional"
"Shipping confirmation: Your order is on the way.","Transactional"
"Account login detected successfully.","Transactional"
"Payment reminder: Invoice due soon.","Transactional"
"Order tracking link included for your convenience.","Transactional"
"Subscription renewed successfully.","Transactional"
"Account password changed successfully.","Transactional"
"Order shipped via standard delivery.","Transactional"
"Payment confirmation for your recent purchase.","Transactional"
"Invoice attached: Review your billing details.","Transactional"
"Your recent order has been returned successfully.","Transactional"
"Order #55667 is being processed and packed.","Transactional"
"Subscription auto-renewal scheduled for next month.","Transactional"
"Payment updated successfully for your account.","Transactional"
"Order delivered successfully—thank you!","Transactional"
"Account update confirmation email sent.","Transactional"
"Shipment delivered—track and confirm receipt.","Transactional"
"Payment refunded—check your account balance.","Transactional"
"Your recent login detected from a new device.","Transactional"
"Invoice generated for your latest order.","Transactional"
"Order cancellation confirmed and refund processed.","Transactional"
"Subscription activation email sent.","Transactional"
"Payment reminder: Action required for overdue invoice.","Transactional"
"Shipping update: Package has left the warehouse.","Transactional"
"Order confirmed: Details inside.","Transactional"
"Invoice #54321 attached for your reference.","Transactional"
"Payment received notification.","Transactional"
"Your account settings were updated successfully.","Transactional"
"Order shipped—tracking number provided.","Transactional"
"Subscription renewal confirmation.","Transactional"
"Transaction alert: Payment successfully completed.","Transactional"
"Order dispatched—expected delivery tomorrow.","Transactional"
"Account verification request completed.","Transactional"
"Your recent order has been delivered.","Transactional"
"Invoice attached: Payment due for recent purchase.","Transactional"
"Order update: Items shipped.","Transactional"
"Your subscription has been renewed.","Transactional"
"Payment confirmation and receipt.","Transactional"
"Order #77889 shipped via express delivery.","Transactional"
"Account settings update confirmation.","Transactional"
"Refund processed—check your account for details.","Transactional"
"Invoice for recent purchase available.","Transactional"
"Payment received successfully—thank you!","Transactional"
"Order confirmation and tracking info.","Transactional"
"Shipping notification: Your package is on its way.","Transactional"
"Subscription successfully activated.","Transactional"
"Account password reset completed.","Transactional"
"Order delivered—enjoy your purchase!","Transactional"
"Invoice sent for your latest transaction.","Transactional"
"We miss you! Come back and check out what's new.","Engagement"
"Share your feedback and help us improve your experience.","Engagement"
"Invite your friends and earn rewards!","Engagement"
"Join our community forum and connect with other users.","Engagement"
"Tell us about your experience—take a short survey.","Engagement"
"Your opinion matters! Complete our quick survey.","Engagement"
"Check out the latest blog post and tips for success.","Engagement"
"Participate in our webinar and learn industry best practices.","Engagement"
"See what's trending this week—exclusive updates inside.","Engagement"
"Update your preferences to get content tailored to you.","Engagement"
"Don't miss our upcoming event—RSVP today.","Engagement"
"Your account summary is ready—see what's new.","Engagement"
"Discover new features you might like.","Engagement"
"Join our loyalty program and enjoy exclusive perks.","Engagement"
"Stay in the loop—follow us on social media.","Engagement"
"Share your thoughts and win a gift card.","Engagement"
"Check your dashboard for personalized recommendations.","Engagement"
"Tell us how we’re doing and get a reward.","Engagement"
"See what your friends are recommending.","Engagement"
"Update your account to access new features.","Engagement"
"Weekly tips and tricks to get the most out of your account.","Engagement"
"Help us improve—give feedback on your experience.","Engagement"
"Join the conversation in our community chat.","Engagement"
"Discover popular features other users are enjoying.","Engagement"
"See your recent activity and recommendations.","Engagement"
"Your input matters—take a moment to share feedback.","Engagement"
"Check out personalized suggestions based on your usage.","Engagement"
"Participate in our survey to help shape new features.","Engagement"
"Explore new ways to engage with our platform.","Engagement"
"Your recent achievements—see what you unlocked!","Engagement"
"Weekly summary: What's new and trending for you.","Engagement"
"Complete your profile to get better recommendations.","Engagement"
"Join our webinar to learn tips and best practices.","Engagement"
"Your account update: Explore new options now.","Engagement"
"Check out upcoming events tailored for you.","Engagement"
"Your recent activity highlights—don’t miss out.","Engagement"
"Invite your network and earn rewards.","Engagement"
"Share your experience and help improve our service.","Engagement"
"Weekly newsletter: Updates, tips, and insights.","Engagement"
"See what’s new in your area of interest.","Engagement"
"Participate in our poll and see what others think.","Engagement"
"Check out your progress and achievements.","Engagement"
"Join our online community and connect with peers.","Engagement"
"Complete your profile for a personalized experience.","Engagement"
"Your weekly dashboard summary is ready.","Engagement"
"Provide feedback to help us enhance our services.","Engagement"
"Check out recommended content based on your activity.","Engagement"
"Participate in our challenge and earn badges.","Engagement"
"Your account summary: Discover new insights.","Engagement"
"Weekly highlights: Don’t miss these updates.","Engagement"
"Share your feedback and help us improve.","Engagement"
"Discover trending topics in your area of interest.","Engagement"
"Update your settings to optimize your experience.","Engagement"
"See what’s popular among your peers this week.","Engagement"
"Complete our short survey and earn rewards.","Engagement"
"Explore new tools and features today.","Engagement"
"Check your personalized recommendations now.","Engagement"
"Join our online session to learn tips and tricks.","Engagement"
"Your activity summary for the week is ready.","Engagement"
"Help us improve—give feedback on our service.","Engagement"
"See new updates tailored for your interests.","Engagement"
"Engage with our community forum today.","Engagement"
"Share your experience and suggestions with us.","Engagement"
"Check out popular features you might like.","Engagement"
"Your profile update will unlock new recommendations.","Engagement"
"Weekly summary of your activities is available.","Engagement"
"Take our quick survey to help improve features.","Engagement"
"Explore new content curated for you.","Engagement"
"Invite friends and earn exclusive rewards.","Engagement"
"Check your dashboard for insights and tips.","Engagement"
"Your recent engagement highlights are ready.","Engagement"
"Provide feedback and help shape our platform.","Engagement"
"See what's trending this week for you.","Engagement"
"Complete your profile to unlock personalized content.","Engagement"
"Participate in community discussions and share ideas.","Engagement"
"Discover popular content among other users.","Engagement"
"Check out your personalized weekly recommendations.","Engagement"
"Help us improve by completing a short survey.","Engagement"
"Weekly activity report: See what’s new.","Engagement"
"Join our webinar to get exclusive insights.","Engagement"
"Your recent activity summary is available now.","Engagement"
"Share feedback and get special rewards.","Engagement"
"Explore new personalized tools today.","Engagement"
"Invite colleagues to join and earn rewards.","Engagement"
"Check out recommended content for you.","Engagement"
"Your weekly insights report is ready.","Engagement"
"Provide your feedback to improve our services.","Engagement"
"Explore trending topics and content suggestions.","Engagement"
"Update your profile to enhance recommendations.","Engagement"
"Weekly engagement report: Discover what’s new.","Engagement"
"Take part in our poll and see community results.","Engagement"
"Your activity highlights: Don’t miss out!","Engagement"
"Check personalized suggestions based on your usage.","Engagement"
"Participate in our survey and get a reward.","Engagement"
"Explore new ways to engage with our platform.","Engagement"
"Your recent achievements are ready to view.","Engagement"
"Weekly summary: Top content for you.","Engagement"
"Complete your profile to unlock full features.","Engagement"
"Join our webinar to learn new tips and best practices.","Engagement"
"Your account update: See new features now.","Engagement"
"Check upcoming events tailored for your interests.","Engagement"
"Weekly highlights: Activity and engagement summary.","Engagement"
"Invite friends and earn badges and rewards.","Engagement"
"Share feedback and help improve our service.","Engagement"
"Weekly newsletter: Tips, insights, and updates.","Engagement"
"See what's new in your area of interest.","Engagement"
"Participate in polls and share your opinions.","Engagement"
"Check progress and achievements in your account.","Engagement"
"Join our online community and connect with others.","Engagement"
"Complete profile for personalized recommendations.","Engagement"
"Your weekly dashboard summary is ready.","Engagement"
"Provide feedback to help improve our platform.","Engagement"
"Check recommended content based on activity.","Engagement"
"Participate in challenges and earn badges.","Engagement"
"Account summary: Discover new insights this week.","Engagement"
"Weekly highlights: Don’t miss these updates.","Engagement"
"Share your feedback and suggestions with us.","Engagement"
"Discover trending topics in your interest areas.","Engagement"
"Update your account settings to optimize experience.","Engagement"
"See popular features among your peers this week.","Engagement"
"Complete survey for rewards and insights.","Engagement"
"Explore new tools and content today.","Engagement"
"Check personalized recommendations now.","Engagement"


